date,country,currency_code,exchange_rate
2026-04-20,DANEMAARK COURONNE,DKK,651.19
2026-04-20,COURONNE,NOK,443.82
2026-04-20,NORV,EGE,452.97
2026-04-20,FMI DTS,XDR,5.0
2026-04-21,COURONNE,NOK,443.97
2026-04-21,NORV,EGE,450.92
2026-04-21,SUEDE COURONNE,SEK,23.25
2026-04-21,FMI DTS,XDR,682.99
2026-04-22,COMMUNAUTE,EUR,4.0
2026-04-22,ETATS-U,NIS,4.0
2026-04-22,Ha,PON,3021.25
2026-04-22,CAN,ADA,651.38
2026-04-22,COURONNE,NOK,445.68
2026-04-22,NORV,EGE,449.14
2026-04-22,SUEDE COURONNE,SEK,23.28
2026-04-22,DJIBO,UTI,23.23
2026-04-22,FMI DTS,XDR,5.0
2026-04-22,MAUR,ICE,89.12
2026-04-22,AUSTRA,LIE,2961.75
2026-04-22,SINGAP,OUR,3254.19
2026-04-22,AFGHANIS,TAN,44.44
2026-04-22,ALBA,NIE,50.95
2026-04-22,ANG,OLA,4.5
2026-04-22,ARGENT,INE,3.03
2026-04-22,AR,UBA,4.0
2026-04-22,BARB,ADE,2053.64
2026-04-22,BANGLAD,ESH,33.71
2026-04-22,BULGA,RIE,13.44
2026-04-22,BAHR,EIN,10.0
2026-04-22,BURU,NDI,1.39
2026-04-22,BERMU,DES,4.0
2026-04-22,BRU,NEI,3.0
2026-04-22,BOLI,VIE,597.29
2026-04-22,BRE,SIL,830.45
2026-04-22,BAHA,MAS,4.0
2026-04-22,BOTSW,ANA,373.81
2026-04-22,BIELORU,SIE,0.24
2026-04-22,BEL,IZE,2.0
2026-04-22,COLOM,BIE,55.76
2026-04-22,EGY,PTE,79.54
2026-04-22,ERYTH,REE,274.38
2026-04-22,FI,DJI,1.0
2026-04-22,FALKL,AND,5.0
2026-04-22,GIBRAL,TAR,5.0
2026-04-22,GUI,NEE,47.0
2026-04-22,GUATEM,ALA,541.04
2026-04-22,GUY,ANE,19.77
2026-04-22,HONDU,RAS,155.67
2026-04-22,CROA,TIE,587.35
2026-04-22,HA,ITI,31.66
2026-04-22,I,NDE,44.44
2026-04-22,I,RAQ,3.16
2026-04-23,DE LA POLITI,QUE,200.39
2026-04-23,CO,URS,20042026.0
2026-04-23,COMMUNAUTE,EUR,136.24
2026-04-23,ETATS-U,NIS,136.24
2026-04-23,Ha,PON,3020.45
2026-04-23,CAN,ADA,649.96
2026-04-23,NORV,EGE,448.38
2026-04-23,FMI DTS,XDR,681.49
2026-04-23,MAUR,ICE,89.21
2026-04-23,AUSTRA,LIE,2964.07
2026-04-23,H,ONG,528.12
2026-04-23,SINGAP,OUR,3253.92
2026-04-23,NOUVE,LLE,2432.94
2026-04-23,AFGHANIS,TAN,44.24
2026-04-23,ALBA,NIE,2482.29
2026-04-23,ANTIL,LES,2295.04
2026-04-23,ANG,OLA,4.49
2026-04-23,ARGENT,INE,68.67
2026-04-23,AR,UBA,136.24
2026-04-23,BARB,ADE,2053.95
2026-04-23,BANGLAD,ESH,33.72
2026-04-23,BULGA,RIE,13.44
2026-04-23,BAHR,EIN,967.1
2026-04-23,BURU,NDI,1.39
2026-04-23,BERMU,DES,136.24
2026-04-23,BRU,NEI,254.19
2026-04-23,BOLI,VIE,598.68
2026-04-23,BRE,SIL,835.08
2026-04-23,BAHA,MAS,136.24
2026-04-23,BOTSW,ANA,373.87
2026-04-23,BIELORU,SIE,0.24
2026-04-23,BEL,IZE,56.6
2026-04-23,CH,ILI,4.7
2026-04-23,COLOM,BIE,55.77
2026-04-23,CO,STA,9.08
2026-04-23,EGY,PTE,79.88
2026-04-23,ERYTH,REE,274.42
2026-04-23,ETHIO,PIE,26.29
2026-04-23,FI,DJI,858.83
2026-04-23,FALKL,AND,500.34
2026-04-23,GIBRAL,TAR,500.34
2026-04-23,GUI,NEE,0.47
2026-04-23,GUATEM,ALA,541.26
2026-04-23,GUY,ANE,19.77
2026-04-23,HONDU,RAS,155.71
2026-04-23,CROA,TIE,587.44
2026-04-23,HA,ITI,31.64
2026-04-23,ISR,AEL,1.0
2026-04-23,I,NDE,44.24
2026-04-23,I,RAQ,3.16
2026-04-24,DE LA POLITI,QUE,200.35
2026-04-24,COMMUNAUTE,EUR,4.0
2026-04-24,ETATS-U,NIS,4.0
2026-04-24,Ha,PON,3029.39
2026-04-24,CAN,ADA,647.91
2026-04-24,FMI DTS,XDR,5.0
2026-04-24,MAUR,ICE,8.95
2026-04-24,AUSTRA,LIE,2961.56
2026-04-24,H,ONG,528.3
2026-04-24,SINGAP,OUR,3.0
2026-04-24,NOUVE,LLE,2445.51
2026-04-24,EMIR,ATS,1.0
2026-04-24,AFGHANIS,TAN,44.12
2026-04-24,ALBA,NIE,2482.67
2026-04-24,ANTIL,LES,2295.39
2026-04-24,ANG,OLA,4.49
2026-04-24,ARGENT,INE,68.74
2026-04-24,AR,UBA,4.0
2026-04-24,BARB,ADE,2054.51
2026-04-24,BANGLAD,ESH,33.72
2026-04-24,BULGA,RIE,13.32
2026-04-24,BAHR,EIN,10.0
2026-04-24,BURU,NDI,1.39
2026-04-24,BERMU,DES,413687.0
2026-04-24,BOLI,VIE,598.84
2026-04-24,BRE,SIL,833.35
2026-04-24,BAHA,MAS,4.0
2026-04-24,BOTSW,ANA,373.63
2026-04-24,BIELORU,SIE,0.24
2026-04-24,BEL,IZE,2056.92
2026-04-24,CO,NGO,1.78
2026-04-24,CH,ILI,4.69
2026-04-24,COLOM,BIE,55.79
2026-04-24,CO,STA,9.09
2026-04-24,EGY,PTE,79.58
2026-04-24,ERYTH,REE,274.49
2026-04-24,ETHIO,PIE,26.49
2026-04-24,FI,DJI,1.0
2026-04-24,FALKL,AND,5.0
2026-04-24,GIBRAL,TAR,5.0
2026-04-24,GUI,NEE,47.0
2026-04-24,GUATEM,ALA,541.41
2026-04-24,GUY,ANE,19.78
2026-04-24,HONDU,RAS,155.75
2026-04-24,CROA,TIE,567.6
2026-04-24,HA,ITI,31.62
2026-04-24,ISR,AEL,381.42
2026-04-24,I,NDE,44.12
2026-04-24,I,RAQ,3.16
